"Sex_sys","msize","sdsize","maxsize","minsize","nspp","nplantstot"
"dioecious",18.2189264206296,2.36761344541279,22.3889325291158,14.768274980066,2,60
"hermaphroditic",28.8298287322894,5.23155441162164,40.4078564906534,18.0828384308346,17,429
"monoecious",23.4124465147882,2.32141519879978,28.1492792290705,17.0079366748781,8,172
